"url","Link","Link_link","Value 1","Value 2","Value 3"
"http://www.vandal.net/juegos/0/videojuegos","12 orbits","http://www.vandal.net/juegos/pc/12-orbits/42839","24/10/2016","Ordenador","Acción"
"http://www.vandal.net/juegos/0/videojuegos","28 Waves Later","http://www.vandal.net/juegos/pc/28-waves-later/37348","Octubre 2016","Ordenador","Acción"
"http://www.vandal.net/juegos/0/videojuegos","9th Dawn II","http://www.vandal.net/juegos/pc/9th-dawn-ii/39571","17/10/2016","Ordenador","Rol"
"http://www.vandal.net/juegos/0/videojuegos","A Fear Of Heights, And Other Things","http://www.vandal.net/juegos/pc/a-fear-of-heights-and-other-things/42699","17/10/2016","Ordenador","Otros"
"http://www.vandal.net/juegos/0/videojuegos","A Quiver of Crows","http://www.vandal.net/juegos/pc/a-quiver-of-crows/30117","19/10/2016","Ordenador","Acción / Aventura / Shooter"
"http://www.vandal.net/juegos/0/videojuegos","Above - VR","http://www.vandal.net/juegos/pc/above-vr/43048","1/11/2016","Ordenador","Aventura"
"http://www.vandal.net/juegos/0/videojuegos","Abrams Tank","http://www.vandal.net/juegos/pc/abrams-tank/41741","18/10/2016","Ordenador","Acción"
"http://www.vandal.net/juegos/0/videojuegos","Accounting","http://www.vandal.net/juegos/pc/accounting/42101","18/10/2016","Ordenador","Aventura Gráfica"
"http://www.vandal.net/juegos/0/videojuegos","Ace Banana","http://www.vandal.net/juegos/ps4/ace-banana/42424","Octubre 2016","PlayStation 4","Otros"
"http://www.vandal.net/juegos/0/videojuegos","Air Conflicts: Secret Wars","http://www.vandal.net/juegos/ps4/air-conflicts-secret-wars/43031","28/10/2016","PlayStation 4","Acción"
"http://www.vandal.net/juegos/0/videojuegos","Arizona Rose and the Pirates' Riddles","http://www.vandal.net/juegos/pc/arizona-rose-and-the-pirates-riddles/42830","19/10/2016","Ordenador","Puzle"
"http://www.vandal.net/juegos/0/videojuegos","Aselia the Eternal -The Spirit of Eternity Sword-","http://www.vandal.net/juegos/pc/aselia-the-eternal-the-spirit-of-eternity-sword/38573","3/11/2016","Ordenador","Aventura / Rol"
"http://www.vandal.net/juegos/0/videojuegos","Astral Heroes","http://www.vandal.net/juegos/pc/astral-heroes/42990","20/10/2016","Ordenador","Estrategia / Multi Online"
"http://www.vandal.net/juegos/0/videojuegos","Atomic Butcher: Homo Metabolicus","http://www.vandal.net/juegos/pc/atomic-butcher-homo-metabolicus/43060","21/10/2016","Ordenador","Acción / Plataformas"
"http://www.vandal.net/juegos/0/videojuegos","Atonement 2: Ruptured by Despair","http://www.vandal.net/juegos/pc/atonement-2-ruptured-by-despair/42985","18/10/2016","Ordenador","Rol"
"http://www.vandal.net/juegos/0/videojuegos","Avengers Battle: Hero Saga","http://www.vandal.net/juegos/android/avengers-battle-hero-saga/42938","18/10/2016","Android","Estrategia / Rol"
"http://www.vandal.net/juegos/0/videojuegos","Bad Caterpillar","http://www.vandal.net/juegos/pc/bad-caterpillar/42882","19/10/2016","Ordenador","Acción / Shooter"
"http://www.vandal.net/juegos/0/videojuegos","Batman: Return to Arkham","http://www.vandal.net/juegos/ps4/batman-return-to-arkham/38402","21/10/2016","PlayStation 4","Acción / Aventura"
"http://www.vandal.net/juegos/0/videojuegos","Batman: Return to Arkham","http://www.vandal.net/juegos/xbone/batman-return-to-arkham/38403","21/10/2016","Xbox One","Acción / Aventura"
"http://www.vandal.net/juegos/0/videojuegos","Batman: The Telltale Series - Episode 1: Realm of Shadows","http://www.vandal.net/juegos/android/batman-the-telltale-series-episode-1-realm-of-shadows/34916","Octubre 2016","Android","Aventura Gráfica"
"http://www.vandal.net/juegos/0/videojuegos/inicio/2","Call of Duty: Infinite Warfare","http://www.vandal.net/juegos/ps4/call-of-duty-infinite-warfare/36499","4/11/2016","PlayStation 4","Acción"
"http://www.vandal.net/juegos/0/videojuegos/inicio/2","Call of Duty: Infinite Warfare","http://www.vandal.net/juegos/xbone/call-of-duty-infinite-warfare/36500","4/11/2016","Xbox One","Acción"
"http://www.vandal.net/juegos/0/videojuegos/inicio/2","Call of Duty: Infinite Warfare","http://www.vandal.net/juegos/pc/call-of-duty-infinite-warfare/36501","4/11/2016","Ordenador","Acción"
"http://www.vandal.net/juegos/0/videojuegos/inicio/2","Call of Duty: Modern Warfare Remastered","http://www.vandal.net/juegos/ps4/call-of-duty-modern-warfare-remastered/38691","4/11/2016","PlayStation 4","Acción"
"http://www.vandal.net/juegos/0/videojuegos/inicio/2","Call of Duty: Modern Warfare Remastered","http://www.vandal.net/juegos/xbone/call-of-duty-modern-warfare-remastered/38692","4/11/2016","Xbox One","Acción"
"http://www.vandal.net/juegos/0/videojuegos/inicio/2","Call of Duty: Modern Warfare Remastered","http://www.vandal.net/juegos/pc/call-of-duty-modern-warfare-remastered/38791","4/11/2016","Ordenador","Acción"
"http://www.vandal.net/juegos/0/videojuegos/inicio/2","Captivity","http://www.vandal.net/juegos/pc/captivity/42418","20/10/2016","Ordenador","Aventura"
"http://www.vandal.net/juegos/0/videojuegos/inicio/2","Carnival Games VR","http://www.vandal.net/juegos/pc/carnival-games-vr-/41694","28/10/2016","Ordenador","Otros"
"http://www.vandal.net/juegos/0/videojuegos/inicio/2","Carnival Games VR","http://www.vandal.net/juegos/ps4/carnival-games-vr-/41695","28/10/2016","PlayStation 4","Otros"
"http://www.vandal.net/juegos/0/videojuegos/inicio/2","Catch Canvas","http://www.vandal.net/juegos/pc/catch-canvas/41917","Octubre 2016","Ordenador","Aventura"
"http://www.vandal.net/juegos/0/videojuegos/inicio/2","Chicka Wars - Chicken Meat","http://www.vandal.net/juegos/pc/chicka-wars-chicken-meat/43043","20/10/2016","Ordenador","Acción"
"http://www.vandal.net/juegos/0/videojuegos/inicio/2","Chunky Tanks","http://www.vandal.net/juegos/iphone/chunky-tanks/43037","19/10/2016","iPhone","Acción"
"http://www.vandal.net/juegos/0/videojuegos/inicio/2","Cloudbase Prime","http://www.vandal.net/juegos/pc/cloudbase-prime/41808","Octubre 2016","Ordenador","Plataformas"
"http://www.vandal.net/juegos/0/videojuegos/inicio/2","Clouds & Sheep 2","http://www.vandal.net/juegos/pc/clouds-sheep-2/43055","24/10/2016","Ordenador","Acción"
"http://www.vandal.net/juegos/0/videojuegos/inicio/2","Colección LEGO Harry Potter","http://www.vandal.net/juegos/ps4/coleccion-lego-harry-potter/41915","21/10/2016","PlayStation 4","Aventura"
"http://www.vandal.net/juegos/0/videojuegos/inicio/2","Corona Blossom Vol. 2 The Truth From Beyond","http://www.vandal.net/juegos/pc/corona-blossom-vol-2-the-truth-from-beyond/42837","Octubre 2016","Ordenador","Aventura"
"http://www.vandal.net/juegos/0/videojuegos/inicio/2","Crazy Machines 3","http://www.vandal.net/juegos/pc/crazy-machines-3/36925","18/10/2016","Ordenador","Puzle"
"http://www.vandal.net/juegos/0/videojuegos/inicio/2","Crazy Sapper 3D","http://www.vandal.net/juegos/pc/crazy-sapper-3d/42608","Octubre 2016","Ordenador","Acción"
"http://www.vandal.net/juegos/0/videojuegos/inicio/2","Crown Champion: Legends of the Arena","http://www.vandal.net/juegos/pc/crown-champion-legends-of-the-arena/42713","21/10/2016","Ordenador","Estrategia / Rol"
"http://www.vandal.net/juegos/0/videojuegos/inicio/2","Daath Origins","http://www.vandal.net/juegos/pc/daath-origins/42044","Octubre 2016","Ordenador","Aventura"
"http://www.vandal.net/juegos/0/videojuegos/inicio/1","Batman: The Telltale Series - Episode 2: Children of Arkham","http://www.vandal.net/juegos/android/batman-the-telltale-series-episode-2-children-of-arkham/42099","Octubre 2016","Android","Aventura / Aventura Gráfica"
"http://www.vandal.net/juegos/0/videojuegos/inicio/1","Batman: The Telltale Series - Episode 3: New World Order","http://www.vandal.net/juegos/xbone/batman-the-telltale-series-episode-3-new-world-order/42785","25/10/2016","Xbox One","Aventura Gráfica"
"http://www.vandal.net/juegos/0/videojuegos/inicio/1","Batman: The Telltale Series - Episode 3: New World Order","http://www.vandal.net/juegos/pc/batman-the-telltale-series-episode-3-new-world-order/42787","25/10/2016","Ordenador","Aventura Gráfica"
"http://www.vandal.net/juegos/0/videojuegos/inicio/1","Batman: The Telltale Series - Episode 3: New World Order","http://www.vandal.net/juegos/ps4/batman-the-telltale-series-episode-3-new-world-order/42786","27/10/2016","PlayStation 4","Aventura Gráfica"
"http://www.vandal.net/juegos/0/videojuegos/inicio/1","Batman: The Telltale Series - Episode 3: New World Order PSN","http://www.vandal.net/juegos/ps3/batman-the-telltale-series-episode-3-new-world-order-psn/43040","27/10/2016","PlayStation 3","Aventura Gráfica"
"http://www.vandal.net/juegos/0/videojuegos/inicio/1","Batman: The Telltale Series - Episode 3: New World Order XBLA","http://www.vandal.net/juegos/x360/batman-the-telltale-series-episode-3-new-world-order-xbla/43039","25/10/2016","Xbox 360","Aventura Gráfica"
"http://www.vandal.net/juegos/0/videojuegos/inicio/1","Battlefield 1","http://www.vandal.net/juegos/pc/battlefield-1/38895","21/10/2016","Ordenador","Acción"
"http://www.vandal.net/juegos/0/videojuegos/inicio/1","Battlefield 1","http://www.vandal.net/juegos/xbone/battlefield-1/38896","21/10/2016","Xbox One","Acción"
"http://www.vandal.net/juegos/0/videojuegos/inicio/1","Battlefield 1","http://www.vandal.net/juegos/ps4/battlefield-1/38897","21/10/2016","PlayStation 4","Acción"
"http://www.vandal.net/juegos/0/videojuegos/inicio/1","Best Fiends Forever","http://www.vandal.net/juegos/android/best-fiends-forever/43120","18/10/2016","Android","Otros"
"http://www.vandal.net/juegos/0/videojuegos/inicio/1","Big Buck Hunter Arcade","http://www.vandal.net/juegos/pc/big-buck-hunter-arcade/42356","25/10/2016","Ordenador","Acción"
"http://www.vandal.net/juegos/0/videojuegos/inicio/1","Big Buck Hunter Arcade","http://www.vandal.net/juegos/ps4/big-buck-hunter-arcade/43112","25/10/2016","PlayStation 4","Acción"
"http://www.vandal.net/juegos/0/videojuegos/inicio/1","Big Buck Hunter Arcade","http://www.vandal.net/juegos/xbone/big-buck-hunter-arcade/43118","25/10/2016","Xbox One","Acción"
"http://www.vandal.net/juegos/0/videojuegos/inicio/1","Blade Sliders","http://www.vandal.net/juegos/iphone/blade-sliders/43036","19/10/2016","iPhone","Acción"
"http://www.vandal.net/juegos/0/videojuegos/inicio/1","Blazblue: Centralfiction","http://www.vandal.net/juegos/ps4/blazblue-centralfiction/34399","4/11/2016","PlayStation 4","Lucha"
"http://www.vandal.net/juegos/0/videojuegos/inicio/1","Blazblue: Centralfiction","http://www.vandal.net/juegos/ps3/blazblue-centralfiction/38211","4/11/2016","PlayStation 3","Lucha"
"http://www.vandal.net/juegos/0/videojuegos/inicio/1","Blood Ties","http://www.vandal.net/juegos/pc/blood-ties/43078","22/10/2016","Ordenador","Rol"
"http://www.vandal.net/juegos/0/videojuegos/inicio/1","Book Series - Alice in Wonderland","http://www.vandal.net/juegos/pc/book-series-alice-in-wonderland/42972","27/10/2016","Ordenador","Aventura"
"http://www.vandal.net/juegos/0/videojuegos/inicio/1","Boxing Saga","http://www.vandal.net/juegos/pc/boxing-saga/43061","21/10/2016","Ordenador","Lucha"
"http://www.vandal.net/juegos/0/videojuegos/inicio/1","Business Tour","http://www.vandal.net/juegos/pc/business-tour/43008","Octubre 2016","Ordenador","Estrategia"
"http://www.vandal.net/juegos/0/videojuegos/inicio/16","Unearthing Colossal","http://www.vandal.net/juegos/pc/unearthing-colossal/38694","22/10/2016","Ordenador","Aventura"
"http://www.vandal.net/juegos/0/videojuegos/inicio/16","Unruly Ghouls","http://www.vandal.net/juegos/pc/unruly-ghouls/42807","19/10/2016","Ordenador","Acción"
"http://www.vandal.net/juegos/0/videojuegos/inicio/16","Versus Game","http://www.vandal.net/juegos/pc/versus-game/43074","Octubre 2016","Ordenador","Acción"
"http://www.vandal.net/juegos/0/videojuegos/inicio/16","Very Real Chess","http://www.vandal.net/juegos/pc/very-real-chess/41869","Octubre 2016","Ordenador","Estrategia"
"http://www.vandal.net/juegos/0/videojuegos/inicio/16","Violet Haunted","http://www.vandal.net/juegos/pc/violet-haunted/42511","24/10/2016","Ordenador","Rol"
"http://www.vandal.net/juegos/0/videojuegos/inicio/16","Void Vikings","http://www.vandal.net/juegos/pc/void-vikings/42292","31/10/2016","Ordenador","Acción / Shooter"
"http://www.vandal.net/juegos/0/videojuegos/inicio/16","WAR7","http://www.vandal.net/juegos/pc/war7/42856","21/10/2016","Ordenador","Acción"
"http://www.vandal.net/juegos/0/videojuegos/inicio/16","Weeping Doll","http://www.vandal.net/juegos/ps4/weeping-doll/42430","27/10/2016","PlayStation 4","Puzle / Aventura"
"http://www.vandal.net/juegos/0/videojuegos/inicio/16","Where's My What?","http://www.vandal.net/juegos/pc/wheres-my-what/42347","Octubre 2016","Ordenador","Otros"
"http://www.vandal.net/juegos/0/videojuegos/inicio/16","Wild Arena","http://www.vandal.net/juegos/pc/wild-arena/43068","31/10/2016","Ordenador","Acción"
"http://www.vandal.net/juegos/0/videojuegos/inicio/16","Wild Romance","http://www.vandal.net/juegos/pc/wild-romance/42518","19/10/2016","Ordenador","Aventura"
"http://www.vandal.net/juegos/0/videojuegos/inicio/16","Windlands","http://www.vandal.net/juegos/ps4/windlands/43113","25/10/2016","PlayStation 4","Aventura"
"http://www.vandal.net/juegos/0/videojuegos/inicio/16","Wonder Boy Returns","http://www.vandal.net/juegos/ps4/wonder-boy-returns/42243","Octubre 2016","PlayStation 4","Plataformas"
"http://www.vandal.net/juegos/0/videojuegos/inicio/16","World of Final Fantasy","http://www.vandal.net/juegos/ps4/world-of-final-fantasy/31656","28/10/2016","PlayStation 4","Rol"
"http://www.vandal.net/juegos/0/videojuegos/inicio/16","World of Final Fantasy","http://www.vandal.net/juegos/psvita/world-of-final-fantasy/31657","28/10/2016","PSVITA","Rol"
"http://www.vandal.net/juegos/0/videojuegos/inicio/16","World Ship Simulator","http://www.vandal.net/juegos/pc/world-ship-simulator/34309","28/10/2016","Ordenador",""
"http://www.vandal.net/juegos/0/videojuegos/inicio/16","Xanadu Next","http://www.vandal.net/juegos/pc/xanadu-next/34075","3/11/2016","Ordenador","Rol"
"http://www.vandal.net/juegos/0/videojuegos/inicio/16","Yomawari: Night Alone","http://www.vandal.net/juegos/psvita/yomawari-night-alone/31758","28/10/2016","PSVITA","Aventura"
"http://www.vandal.net/juegos/0/videojuegos/inicio/16","Yomawari: Night Alone","http://www.vandal.net/juegos/pc/yomawari-night-alone/39387","28/10/2016","Ordenador","Aventura"
"http://www.vandal.net/juegos/0/videojuegos/inicio/16","Zombie Birds First Encounter Halloween","http://www.vandal.net/juegos/pc/zombie-birds-first-encounter-halloween/42978","19/10/2016","Ordenador","Acción"
"http://www.vandal.net/juegos/0/videojuegos/inicio/15","The Night The Carsons Disappeared","http://www.vandal.net/juegos/pc/the-night-the-carsons-disappeared/43050","24/10/2016","Ordenador","Aventura"
"http://www.vandal.net/juegos/0/videojuegos/inicio/15","The Puppet Master","http://www.vandal.net/juegos/pc/the-puppet-master/42970","22/10/2016","Ordenador","Puzle / Aventura"
"http://www.vandal.net/juegos/0/videojuegos/inicio/15","The Revenge of Johnny Bonasera","http://www.vandal.net/juegos/pc/the-revenge-of-johnny-bonasera/42688","1/11/2016","Ordenador","Aventura Gráfica"
"http://www.vandal.net/juegos/0/videojuegos/inicio/15","The Whisperer in Darkness","http://www.vandal.net/juegos/pc/the-whisperer-in-darkness/42673","18/10/2016","Ordenador","Aventura"
"http://www.vandal.net/juegos/0/videojuegos/inicio/15","Through the Woods","http://www.vandal.net/juegos/pc/through-the-woods/30959","27/10/2016","Ordenador","Aventura"
"http://www.vandal.net/juegos/0/videojuegos/inicio/15","Tiger Knight: Empire War","http://www.vandal.net/juegos/pc/tiger-knight-empire-war/43032","25/10/2016","Ordenador","Acción / Multi Online"
"http://www.vandal.net/juegos/0/videojuegos/inicio/15","Titanfall 2","http://www.vandal.net/juegos/ps4/titanfall-2/30023","28/10/2016","PlayStation 4","Acción"
"http://www.vandal.net/juegos/0/videojuegos/inicio/15","Titanfall 2","http://www.vandal.net/juegos/pc/titanfall-2/30024","28/10/2016","Ordenador","Acción"
"http://www.vandal.net/juegos/0/videojuegos/inicio/15","Titanfall 2","http://www.vandal.net/juegos/xbone/titanfall-2/30025","28/10/2016","Xbox One","Acción"
"http://www.vandal.net/juegos/0/videojuegos/inicio/15","Tokyo Twilight Ghost Hunters: Daybreak Special Gigs","http://www.vandal.net/juegos/ps4/tokyo-twilight-ghost-hunters-daybreak-special-gigs/33081","21/10/2016","PlayStation 4","Aventura Gráfica"
"http://www.vandal.net/juegos/0/videojuegos/inicio/15","Tokyo Twilight Ghost Hunters: Daybreak Special Gigs PSN","http://www.vandal.net/juegos/psvita/tokyo-twilight-ghost-hunters-daybreak-special-gigs-psn/33082","21/10/2016","PSVITA","Aventura Gráfica"
"http://www.vandal.net/juegos/0/videojuegos/inicio/15","Tokyo Twilight Ghost Hunters: Daybreak Special Gigs PSN","http://www.vandal.net/juegos/ps3/tokyo-twilight-ghost-hunters-daybreak-special-gigs-psn/33083","21/10/2016","PlayStation 3","Aventura Gráfica"
"http://www.vandal.net/juegos/0/videojuegos/inicio/15","Tricky Test 2: Halloween","http://www.vandal.net/juegos/android/tricky-test-2-halloween-/43092","20/10/2016","Android","Estrategia / Otros"
"http://www.vandal.net/juegos/0/videojuegos/inicio/15","Trip to Vinelands","http://www.vandal.net/juegos/pc/trip-to-vinelands/43052","21/10/2016","Ordenador","Plataformas"
"http://www.vandal.net/juegos/0/videojuegos/inicio/15","Trolls: Crazy Party Forest!","http://www.vandal.net/juegos/android/trolls-crazy-party-forest/43107","25/10/2016","Android","Puzle"
"http://www.vandal.net/juegos/0/videojuegos/inicio/15","Trolls: Crazy Party Forest!","http://www.vandal.net/juegos/android/trolls-crazy-party-forest/43108","25/10/2016","Android","Puzle"
"http://www.vandal.net/juegos/0/videojuegos/inicio/15","Trolls: Crazy Party Forest!","http://www.vandal.net/juegos/iphone/trolls-crazy-party-forest/43109","25/10/2016","iPhone","Puzle"
"http://www.vandal.net/juegos/0/videojuegos/inicio/15","True Fear: Forsaken Souls","http://www.vandal.net/juegos/pc/true-fear-forsaken-souls/41515","19/10/2016","Ordenador","Aventura Gráfica"
"http://www.vandal.net/juegos/0/videojuegos/inicio/15","Twisty Board","http://www.vandal.net/juegos/iphone/twisty-board/43002","19/10/2016","iPhone","Velocidad"
"http://www.vandal.net/juegos/0/videojuegos/inicio/15","Ultimate Solid","http://www.vandal.net/juegos/pc/ultimate-solid/43079","24/10/2016","Ordenador","Plataformas"
"http://www.vandal.net/juegos/0/videojuegos/inicio/14","Superdimension Neptune VS Sega Hard Girls","http://www.vandal.net/juegos/psvita/superdimension-neptune-vs-sega-hard-girls/30049","21/10/2016","PSVITA","Rol"
"http://www.vandal.net/juegos/0/videojuegos/inicio/14","Sweet Volley High","http://www.vandal.net/juegos/pc/sweet-volley-high/42127","Octubre 2016","Ordenador","Aventura"
"http://www.vandal.net/juegos/0/videojuegos/inicio/14","Switch 'N' Shoot","http://www.vandal.net/juegos/pc/switch-n-shoot/41045","17/10/2016","Ordenador","Acción / Shooter"
"http://www.vandal.net/juegos/0/videojuegos/inicio/14","Tales of Cosmos","http://www.vandal.net/juegos/pc/tales-of-cosmos/43041","20/10/2016","Ordenador",""
"http://www.vandal.net/juegos/0/videojuegos/inicio/14","Tethered","http://www.vandal.net/juegos/ps4/tethered/39694","25/10/2016","PlayStation 4","Estrategia / Aventura"
"http://www.vandal.net/juegos/0/videojuegos/inicio/14","The Atomy","http://www.vandal.net/juegos/pc/the-atomy/40751","19/10/2016","Ordenador","Acción"
"http://www.vandal.net/juegos/0/videojuegos/inicio/14","The Beard in the Mirror","http://www.vandal.net/juegos/pc/the-beard-in-the-mirror/42583","25/10/2016","Ordenador","Aventura Gráfica"
"http://www.vandal.net/juegos/0/videojuegos/inicio/14","The Bellows","http://www.vandal.net/juegos/pc/the-bellows/42971","21/10/2016","Ordenador","Aventura"
"http://www.vandal.net/juegos/0/videojuegos/inicio/14","The Bug Butcher","http://www.vandal.net/juegos/ps4/the-bug-butcher/42844","18/10/2016","PlayStation 4","Acción"
"http://www.vandal.net/juegos/0/videojuegos/inicio/14","The Bug Butcher","http://www.vandal.net/juegos/xbone/the-bug-butcher/42791","19/10/2016","Xbox One","Acción"
"http://www.vandal.net/juegos/0/videojuegos/inicio/14","The Cooking Game","http://www.vandal.net/juegos/pc/the-cooking-game/42965","21/10/2016","Ordenador","Estrategia"
"http://www.vandal.net/juegos/0/videojuegos/inicio/14","The Deep Paths: Labyrinth Of Andokost","http://www.vandal.net/juegos/pc/the-deep-paths-labyrinth-of-andokost/42055","26/10/2016","Ordenador","Rol"
"http://www.vandal.net/juegos/0/videojuegos/inicio/14","The Elder Scrolls V: Skyrim: Special Edition","http://www.vandal.net/juegos/ps4/the-elder-scrolls-v-skyrim-special-edition/39790","28/10/2016","PlayStation 4","Rol"
"http://www.vandal.net/juegos/0/videojuegos/inicio/14","The Elder Scrolls V: Skyrim: Special Edition","http://www.vandal.net/juegos/xbone/the-elder-scrolls-v-skyrim-special-edition/39791","28/10/2016","Xbox One","Rol"
"http://www.vandal.net/juegos/0/videojuegos/inicio/14","The Elder Scrolls V: Skyrim: Special Edition","http://www.vandal.net/juegos/pc/the-elder-scrolls-v-skyrim-special-edition/39800","28/10/2016","Ordenador","Rol"
"http://www.vandal.net/juegos/0/videojuegos/inicio/14","The Hateful Dead","http://www.vandal.net/juegos/pc/the-hateful-dead/42671","28/10/2016","Ordenador","Acción"
"http://www.vandal.net/juegos/0/videojuegos/inicio/14","The Infinite Black","http://www.vandal.net/juegos/pc/the-infinite-black/41761","19/10/2016","Ordenador","Estrategia / Multi Online"
"http://www.vandal.net/juegos/0/videojuegos/inicio/14","The Jackbox Party Pack 3","http://www.vandal.net/juegos/pc/the-jackbox-party-pack-3/37657","18/10/2016","Ordenador","Otros"
"http://www.vandal.net/juegos/0/videojuegos/inicio/14","The Jackbox Party Pack 3","http://www.vandal.net/juegos/ps4/the-jackbox-party-pack-3/37659","19/10/2016","PlayStation 4","Otros"
"http://www.vandal.net/juegos/0/videojuegos/inicio/14","The Jackbox Party Pack 3","http://www.vandal.net/juegos/xbone/the-jackbox-party-pack-3/37658","21/10/2016","Xbox One","Otros"
"http://www.vandal.net/juegos/0/videojuegos/inicio/13","Snake Cubed","http://www.vandal.net/juegos/pc/snake-cubed/42874","1/11/2016","Ordenador","Puzle"
"http://www.vandal.net/juegos/0/videojuegos/inicio/13","Snow","http://www.vandal.net/juegos/ps4/snow/25590","25/10/2016","PlayStation 4","Deportes / PS Network"
"http://www.vandal.net/juegos/0/videojuegos/inicio/13","Social Interaction Trainer","http://www.vandal.net/juegos/pc/social-interaction-trainer/42436","3/11/2016","Ordenador","Otros"
"http://www.vandal.net/juegos/0/videojuegos/inicio/13","Sombrero","http://www.vandal.net/juegos/pc/sombrero/40619","27/10/2016","Ordenador","Acción"
"http://www.vandal.net/juegos/0/videojuegos/inicio/13","Soulless: Ray Of Hope","http://www.vandal.net/juegos/pc/soulless-ray-of-hope/42748","18/10/2016","Ordenador","Plataformas / Puzle"
"http://www.vandal.net/juegos/0/videojuegos/inicio/13","Space Overlords","http://www.vandal.net/juegos/ps4/space-overlords/35470","26/10/2016","PlayStation 4","Acción"
"http://www.vandal.net/juegos/0/videojuegos/inicio/13","Spellstone","http://www.vandal.net/juegos/pc/spellstone/42672","Octubre 2016","Ordenador","Estrategia"
"http://www.vandal.net/juegos/0/videojuegos/inicio/13","Spider: Rite of the Shrouded Moon","http://www.vandal.net/juegos/ps4/spider-rite-of-the-shrouded-moon/43114","25/10/2016","PlayStation 4","Acción"
"http://www.vandal.net/juegos/0/videojuegos/inicio/13","Spider: Rite of the Shrouded Moon","http://www.vandal.net/juegos/psvita/spider-rite-of-the-shrouded-moon/43116","25/10/2016","PSVITA","Acción"
"http://www.vandal.net/juegos/0/videojuegos/inicio/13","SPLIT BULLET","http://www.vandal.net/juegos/pc/split-bullet/42920","Octubre 2016","Ordenador","Acción / Shooter"
"http://www.vandal.net/juegos/0/videojuegos/inicio/13","Stable Orbit","http://www.vandal.net/juegos/pc/stable-orbit/40908","Octubre 2016","Ordenador","Simulación"
"http://www.vandal.net/juegos/0/videojuegos/inicio/13","Staircase: VR","http://www.vandal.net/juegos/pc/staircase-vr/42890","Octubre 2016","Ordenador","Aventura"
"http://www.vandal.net/juegos/0/videojuegos/inicio/13","Starfighter Arduxim","http://www.vandal.net/juegos/pc/starfighter-arduxim/42823","19/10/2016","Ordenador","Acción"
"http://www.vandal.net/juegos/0/videojuegos/inicio/13","Starship Titanic","http://www.vandal.net/juegos/pc/starship-titanic/42992","28/10/2016","Ordenador","Aventura"
"http://www.vandal.net/juegos/0/videojuegos/inicio/13","Super Destronaut 2: Go Duck Yourself eShop","http://www.vandal.net/juegos/wiiu/super-destronaut-2-go-duck-yourself-eshop/43007","20/10/2016","Wii U","Acción"
"http://www.vandal.net/juegos/0/videojuegos/inicio/13","Super Dungeon Bros.","http://www.vandal.net/juegos/xbone/super-dungeon-bros/29899","1/11/2016","Xbox One","Aventura"
"http://www.vandal.net/juegos/0/videojuegos/inicio/13","Super Dungeon Bros.","http://www.vandal.net/juegos/ps4/super-dungeon-bros/29900","1/11/2016","PlayStation 4","Aventura"
"http://www.vandal.net/juegos/0/videojuegos/inicio/13","Super Dungeon Bros.","http://www.vandal.net/juegos/pc/super-dungeon-bros/29901","1/11/2016","Ordenador","Acción"
"http://www.vandal.net/juegos/0/videojuegos/inicio/13","Super Hop 'N' Bop ULTRA","http://www.vandal.net/juegos/pc/super-hop-n-bop-ultra/42805","17/10/2016","Ordenador","Acción"
"http://www.vandal.net/juegos/0/videojuegos/inicio/13","Super Puzzle Sisters","http://www.vandal.net/juegos/pc/super-puzzle-sisters/42801","17/10/2016","Ordenador","Puzle"
"http://www.vandal.net/juegos/0/videojuegos/inicio/12","Root Letter","http://www.vandal.net/juegos/psvita/root-letter/34457","28/10/2016","PSVITA","Aventura Gráfica"
"http://www.vandal.net/juegos/0/videojuegos/inicio/12","Rose of Winter","http://www.vandal.net/juegos/pc/rose-of-winter/42914","17/10/2016","Ordenador","Aventura"
"http://www.vandal.net/juegos/0/videojuegos/inicio/12","Russian SuperHero Dead Ivan","http://www.vandal.net/juegos/pc/russian-superhero-dead-ivan/42884","19/10/2016","Ordenador","Acción"
"http://www.vandal.net/juegos/0/videojuegos/inicio/12","Rusty Lake: Roots","http://www.vandal.net/juegos/pc/rusty-lake-roots/42916","20/10/2016","Ordenador","Aventura"
"http://www.vandal.net/juegos/0/videojuegos/inicio/12","Scary Humans","http://www.vandal.net/juegos/pc/scary-humans/43071","25/10/2016","Ordenador","Puzle"
"http://www.vandal.net/juegos/0/videojuegos/inicio/12","Secrets of Magic: The Book of Spells","http://www.vandal.net/juegos/pc/secrets-of-magic-the-book-of-spells/42657","21/10/2016","Ordenador","Puzle"
"http://www.vandal.net/juegos/0/videojuegos/inicio/12","SEGA 3D Classics Collection","http://www.vandal.net/juegos/3ds/sega-3d-classics-collection/35697","4/11/2016","Nintendo 3DS","Otros"
"http://www.vandal.net/juegos/0/videojuegos/inicio/12","Sembl","http://www.vandal.net/juegos/iphone/sembl/43095","19/10/2016","iPhone","Puzle"
"http://www.vandal.net/juegos/0/videojuegos/inicio/12","Seraph","http://www.vandal.net/juegos/ps4/seraph/37933","1/11/2016","PlayStation 4","Acción / Plataformas"
"http://www.vandal.net/juegos/0/videojuegos/inicio/12","ShapeRockets","http://www.vandal.net/juegos/pc/shaperockets/41115","28/10/2016","Ordenador","Multi Online"
"http://www.vandal.net/juegos/0/videojuegos/inicio/12","Shift Orb","http://www.vandal.net/juegos/pc/shift-orb/42809","2/11/2016","Ordenador","Puzle"
"http://www.vandal.net/juegos/0/videojuegos/inicio/12","Ships 2017","http://www.vandal.net/juegos/pc/ships-2017/42079","19/10/2016","Ordenador","Simulación"
"http://www.vandal.net/juegos/0/videojuegos/inicio/12","Shuffle Cats","http://www.vandal.net/juegos/iphone/shuffle-cats/43003","20/10/2016","iPhone","Otros"
"http://www.vandal.net/juegos/0/videojuegos/inicio/12","Sid Meier's Civilization VI","http://www.vandal.net/juegos/pc/sid-meiers-civilization-vi/39032","21/10/2016","Ordenador","Estrategia"
"http://www.vandal.net/juegos/0/videojuegos/inicio/12","Sky Break","http://www.vandal.net/juegos/pc/sky-break/34057","22/10/2016","Ordenador","Acción / Aventura"
"http://www.vandal.net/juegos/0/videojuegos/inicio/12","Slain: Back from Hell","http://www.vandal.net/juegos/xbone/slain-back-from-hell/29970","21/10/2016","Xbox One","Acción / Plataformas"
"http://www.vandal.net/juegos/0/videojuegos/inicio/12","Slain: Back from Hell","http://www.vandal.net/juegos/psvita/slain-back-from-hell/29969","1/11/2016","PSVITA","Acción / Plataformas"
"http://www.vandal.net/juegos/0/videojuegos/inicio/12","Slashy Hero","http://www.vandal.net/juegos/pc/slashy-hero/42311","19/10/2016","Ordenador","Acción"
"http://www.vandal.net/juegos/0/videojuegos/inicio/12","Slingshot people","http://www.vandal.net/juegos/pc/slingshot-people/43058","20/10/2016","Ordenador","Acción"
"http://www.vandal.net/juegos/0/videojuegos/inicio/12","Sluggish Morss: Days of the Purple Sun","http://www.vandal.net/juegos/pc/sluggish-morss-days-of-the-purple-sun/43009","21/10/2016","Ordenador","Acción"
"http://www.vandal.net/juegos/0/videojuegos/inicio/11","Plants vs Zombies Heroes","http://www.vandal.net/juegos/android/plants-vs-zombies-heroes/37393","20/10/2016","Android","Estrategia"
"http://www.vandal.net/juegos/0/videojuegos/inicio/11","Plenty: Skyhearth","http://www.vandal.net/juegos/pc/plenty-skyhearth/43070","20/10/2016","Ordenador","Acción"
"http://www.vandal.net/juegos/0/videojuegos/inicio/11","Political Animals","http://www.vandal.net/juegos/pc/political-animals/39437","2/11/2016","Ordenador","Estrategia"
"http://www.vandal.net/juegos/0/videojuegos/inicio/11","Pool Nation VR","http://www.vandal.net/juegos/ps4/pool-nation-vr-/41780","Octubre 2016","PlayStation 4","Deportes"
"http://www.vandal.net/juegos/0/videojuegos/inicio/11","Professor Nasty Time: The Stupidly Unfair Test Simulator 2016","http://www.vandal.net/juegos/pc/professor-nasty-time-the-stupidly-unfair-test-simulator-2016/43077","25/10/2016","Ordenador","Plataformas"
"http://www.vandal.net/juegos/0/videojuegos/inicio/11","Project Hovercraft","http://www.vandal.net/juegos/pc/project-hovercraft/41343","20/10/2016","Ordenador","Acción / Multi Online"
"http://www.vandal.net/juegos/0/videojuegos/inicio/11","Pumpkin SculptrVR","http://www.vandal.net/juegos/pc/pumpkin-sculptrvr/42967","21/10/2016","Ordenador","Aventura"
"http://www.vandal.net/juegos/0/videojuegos/inicio/11","Racecar.io","http://www.vandal.net/juegos/pc/racecario/42891","19/10/2016","Ordenador","Velocidad"
"http://www.vandal.net/juegos/0/videojuegos/inicio/11","Rayon Riddles - Rise of the Goblin King","http://www.vandal.net/juegos/pc/rayon-riddles-rise-of-the-goblin-king/41436","Octubre 2016","Ordenador","Aventura"
"http://www.vandal.net/juegos/0/videojuegos/inicio/11","ReBoot","http://www.vandal.net/juegos/pc/reboot/43029","20/10/2016","Ordenador","Acción"
"http://www.vandal.net/juegos/0/videojuegos/inicio/11","Redirection","http://www.vandal.net/juegos/pc/redirection/42802","24/10/2016","Ordenador","Puzle"
"http://www.vandal.net/juegos/0/videojuegos/inicio/11","Redrum: Dead Diary","http://www.vandal.net/juegos/pc/redrum-dead-diary/42758","20/10/2016","Ordenador","Aventura"
"http://www.vandal.net/juegos/0/videojuegos/inicio/11","Remaining in a dream","http://www.vandal.net/juegos/pc/remaining-in-a-dream/42895","18/10/2016","Ordenador","Aventura"
"http://www.vandal.net/juegos/0/videojuegos/inicio/11","Rescuties! VR","http://www.vandal.net/juegos/pc/rescuties-vr/42878","19/10/2016","Ordenador","Acción / Otros"
"http://www.vandal.net/juegos/0/videojuegos/inicio/11","Rhythm Paradise Megamix","http://www.vandal.net/juegos/3ds/rhythm-paradise-megamix/28479","21/10/2016","Nintendo 3DS","Musical"
"http://www.vandal.net/juegos/0/videojuegos/inicio/11","Robot Squad Simulator 2017","http://www.vandal.net/juegos/pc/robot-squad-simulator-2017/41984","20/10/2016","Ordenador","Simulación"
"http://www.vandal.net/juegos/0/videojuegos/inicio/11","Rocket Riot","http://www.vandal.net/juegos/pc/rocket-riot/41789","19/10/2016","Ordenador","Acción"
"http://www.vandal.net/juegos/0/videojuegos/inicio/11","Rogues or Heroes","http://www.vandal.net/juegos/pc/rogues-or-heroes/42863","19/10/2016","Ordenador","Acción"
"http://www.vandal.net/juegos/0/videojuegos/inicio/11","Rollercoaster Dreams","http://www.vandal.net/juegos/ps4/rollercoaster-dreams/40863","Octubre 2016","PlayStation 4","Otros"
"http://www.vandal.net/juegos/0/videojuegos/inicio/11","Root Letter","http://www.vandal.net/juegos/ps4/root-letter/34456","28/10/2016","PlayStation 4","Aventura Gráfica"
"http://www.vandal.net/juegos/0/videojuegos/inicio/10","Off-Peak","http://www.vandal.net/juegos/pc/offpeak/43012","21/10/2016","Ordenador","Aventura"
"http://www.vandal.net/juegos/0/videojuegos/inicio/10","Oh My Gore!","http://www.vandal.net/juegos/pc/oh-my-gore/26477","20/10/2016","Ordenador","Estrategia"
"http://www.vandal.net/juegos/0/videojuegos/inicio/10","Oh...Sir! The Insult Simulator","http://www.vandal.net/juegos/pc/ohsir-the-insult-simulator/41209","25/10/2016","Ordenador","Simulación"
"http://www.vandal.net/juegos/0/videojuegos/inicio/10","Oh...Sir! The Insult Simulator","http://www.vandal.net/juegos/android/ohsir-the-insult-simulator/41246","25/10/2016","Android","Simulación"
"http://www.vandal.net/juegos/0/videojuegos/inicio/10","Oh...Sir! The Insult Simulator","http://www.vandal.net/juegos/iphone/ohsir-the-insult-simulator/41247","25/10/2016","iPhone","Simulación"
"http://www.vandal.net/juegos/0/videojuegos/inicio/10","Omega Reaction","http://www.vandal.net/juegos/pc/omega-reaction/42303","17/10/2016","Ordenador","Acción"
"http://www.vandal.net/juegos/0/videojuegos/inicio/10","On the front line","http://www.vandal.net/juegos/pc/on-the-front-line/42894","20/10/2016","Ordenador","Acción / Simulación"
"http://www.vandal.net/juegos/0/videojuegos/inicio/10","Other Worlds","http://www.vandal.net/juegos/pc/other-worlds/42630","Octubre 2016","Ordenador","Simulación"
"http://www.vandal.net/juegos/0/videojuegos/inicio/10","Owlboy","http://www.vandal.net/juegos/pc/owlboy/29172","1/11/2016","Ordenador","Aventura"
"http://www.vandal.net/juegos/0/videojuegos/inicio/10","Party Golf","http://www.vandal.net/juegos/pc/party-golf/42609","25/10/2016","Ordenador","Deportes"
"http://www.vandal.net/juegos/0/videojuegos/inicio/10","Party Golf","http://www.vandal.net/juegos/ps4/party-golf/42570","Octubre 2016","PlayStation 4","Deportes / Otros"
"http://www.vandal.net/juegos/0/videojuegos/inicio/10","Phantasmat: Crucible Peak Collector's Edition","http://www.vandal.net/juegos/pc/phantasmat-crucible-peak-collectors-edition/42835","20/10/2016","Ordenador","Aventura"
"http://www.vandal.net/juegos/0/videojuegos/inicio/10","Physic Monster","http://www.vandal.net/juegos/pc/physic-monster/39082","19/10/2016","Ordenador","Plataformas / Puzle"
"http://www.vandal.net/juegos/0/videojuegos/inicio/10","PIRATADO 1","http://www.vandal.net/juegos/pc/piratado-1/42968","18/10/2016","Ordenador","Acción / Shooter"
"http://www.vandal.net/juegos/0/videojuegos/inicio/10","Pirate Pop Plus","http://www.vandal.net/juegos/pc/pirate-pop-plus/42660","4/11/2016","Ordenador","Acción"
"http://www.vandal.net/juegos/0/videojuegos/inicio/10","Pirate Pop Plus eShop","http://www.vandal.net/juegos/wiiu/pirate-pop-plus-eshop/42718","20/10/2016","Wii U","Acción"
"http://www.vandal.net/juegos/0/videojuegos/inicio/10","Pirate Pop Plus eShop","http://www.vandal.net/juegos/3ds/pirate-pop-plus-eshop/42719","20/10/2016","Nintendo 3DS","Acción"
"http://www.vandal.net/juegos/0/videojuegos/inicio/10","Pixel Gear","http://www.vandal.net/juegos/ps4/pixel-gear/42428","Octubre 2016","PlayStation 4","Acción"
"http://www.vandal.net/juegos/0/videojuegos/inicio/10","Plankton","http://www.vandal.net/juegos/pc/plankton/43018","28/10/2016","Ordenador","Simulación"
"http://www.vandal.net/juegos/0/videojuegos/inicio/10","Plants vs Zombies Heroes","http://www.vandal.net/juegos/iphone/plants-vs-zombies-heroes/37392","20/10/2016","iPhone","Estrategia"
"http://www.vandal.net/juegos/0/videojuegos/inicio/9","Monster Jam: Crush It!","http://www.vandal.net/juegos/ps4/monster-jam-crush-it/42637","25/10/2016","PlayStation 4","Velocidad"
"http://www.vandal.net/juegos/0/videojuegos/inicio/9","Monster Jam: Crush It!","http://www.vandal.net/juegos/xbone/monster-jam-crush-it/42638","25/10/2016","Xbox One","Velocidad"
"http://www.vandal.net/juegos/0/videojuegos/inicio/9","Monster Maze VR","http://www.vandal.net/juegos/pc/monster-maze-vr/43013","24/10/2016","Ordenador","Aventura"
"http://www.vandal.net/juegos/0/videojuegos/inicio/9","Mordheim: City of the Damned","http://www.vandal.net/juegos/xbone/mordheim-city-of-the-damned/42494","18/10/2016","Xbox One","Estrategia / Rol"
"http://www.vandal.net/juegos/0/videojuegos/inicio/9","Mordheim: City of the Damned","http://www.vandal.net/juegos/ps4/mordheim-city-of-the-damned/42578","18/10/2016","PlayStation 4","Estrategia / Rol"
"http://www.vandal.net/juegos/0/videojuegos/inicio/9","Moto Racer 4","http://www.vandal.net/juegos/ps4/moto-racer-4/32587","3/11/2016","PlayStation 4","Velocidad"
"http://www.vandal.net/juegos/0/videojuegos/inicio/9","Moto Racer 4","http://www.vandal.net/juegos/xbone/moto-racer-4/32588","3/11/2016","Xbox One","Velocidad"
"http://www.vandal.net/juegos/0/videojuegos/inicio/9","Moto Racer 4","http://www.vandal.net/juegos/pc/moto-racer-4/34187","3/11/2016","Ordenador","Velocidad"
"http://www.vandal.net/juegos/0/videojuegos/inicio/9","Multimirror","http://www.vandal.net/juegos/pc/multimirror/42368","Octubre 2016","Ordenador","Puzle"
"http://www.vandal.net/juegos/0/videojuegos/inicio/9","Mushroom Wars 2","http://www.vandal.net/juegos/android/mushroom-wars-2/42959","19/10/2016","Android","Estrategia"
"http://www.vandal.net/juegos/0/videojuegos/inicio/9","MYTH","http://www.vandal.net/juegos/pc/myth/42655","28/10/2016","Ordenador","Aventura"
"http://www.vandal.net/juegos/0/videojuegos/inicio/9","Nature's Wrath VR","http://www.vandal.net/juegos/pc/natures-wrath-vr/43027","19/10/2016","Ordenador","Acción"
"http://www.vandal.net/juegos/0/videojuegos/inicio/9","Ne no Kami: The Two Princess Knights of Kyoto","http://www.vandal.net/juegos/pc/ne-no-kami-the-two-princess-knights-of-kyoto/41057","Octubre 2016","Ordenador","Aventura"
"http://www.vandal.net/juegos/0/videojuegos/inicio/9","Nebula Realms","http://www.vandal.net/juegos/ps4/nebula-realms/42950","Octubre 2016","PlayStation 4","Multi Online / Otros"
"http://www.vandal.net/juegos/0/videojuegos/inicio/9","Negligee","http://www.vandal.net/juegos/pc/negligee/40806","20/10/2016","Ordenador","Aventura"
"http://www.vandal.net/juegos/0/videojuegos/inicio/9","Nekuia","http://www.vandal.net/juegos/pc/nekuia/42551","Octubre 2016","Ordenador","Plataformas"
"http://www.vandal.net/juegos/0/videojuegos/inicio/9","Nobunaga's Ambition: Sphere of Influence – Ascension","http://www.vandal.net/juegos/ps4/nobunagas-ambition-sphere-of-influence-ascension/35103","28/10/2016","PlayStation 4","Estrategia"
"http://www.vandal.net/juegos/0/videojuegos/inicio/9","Nobunaga's Ambition: Sphere of Influence – Ascension","http://www.vandal.net/juegos/pc/nobunagas-ambition-sphere-of-influence-ascension/41070","28/10/2016","Ordenador","Estrategia"
"http://www.vandal.net/juegos/0/videojuegos/inicio/9","NUKED KNIGHT","http://www.vandal.net/juegos/pc/nuked-knight/37330","19/10/2016","Ordenador","Acción / Plataformas"
"http://www.vandal.net/juegos/0/videojuegos/inicio/9","Octave","http://www.vandal.net/juegos/pc/octave/42831","18/10/2016","Ordenador","Aventura Gráfica"
"http://www.vandal.net/juegos/0/videojuegos/inicio/8","Lost Socks: Naughty Brothers","http://www.vandal.net/juegos/pc/lost-socks-naughty-brothers/42750","17/10/2016","Ordenador","Plataformas"
"http://www.vandal.net/juegos/0/videojuegos/inicio/8","LUXIS","http://www.vandal.net/juegos/pc/luxis/42678","27/10/2016","Ordenador","Puzle"
"http://www.vandal.net/juegos/0/videojuegos/inicio/8","Machinarium","http://www.vandal.net/juegos/ps4/machinarium/42922","18/10/2016","PlayStation 4","Aventura Gráfica"
"http://www.vandal.net/juegos/0/videojuegos/inicio/8","Magical Brickout","http://www.vandal.net/juegos/pc/magical-brickout/33179","17/10/2016","Ordenador","Puzle"
"http://www.vandal.net/juegos/0/videojuegos/inicio/8","Magnetized","http://www.vandal.net/juegos/pc/magnetized/42697","17/10/2016","Ordenador",""
"http://www.vandal.net/juegos/0/videojuegos/inicio/8","Mahsung Deluxe","http://www.vandal.net/juegos/pc/mahsung-deluxe/42915","17/10/2016","Ordenador","Puzle"
"http://www.vandal.net/juegos/0/videojuegos/inicio/8","Mainlining","http://www.vandal.net/juegos/pc/mainlining/37126","Octubre 2016","Ordenador","Estrategia"
"http://www.vandal.net/juegos/0/videojuegos/inicio/8","Make More!","http://www.vandal.net/juegos/android/make-more/43035","19/10/2016","Android","Otros"
"http://www.vandal.net/juegos/0/videojuegos/inicio/8","Malavision: The Origin","http://www.vandal.net/juegos/pc/malavision-the-origin/42756","18/10/2016","Ordenador","Aventura"
"http://www.vandal.net/juegos/0/videojuegos/inicio/8","Maldita Castilla EX","http://www.vandal.net/juegos/pc/maldita-castilla-ex/42945","20/10/2016","Ordenador","Acción / Plataformas"
"http://www.vandal.net/juegos/0/videojuegos/inicio/8","Maneki's Curse","http://www.vandal.net/juegos/pc/manekis-curse/43075","26/10/2016","Ordenador","Rol"
"http://www.vandal.net/juegos/0/videojuegos/inicio/8","Mark McMorris Infinite Air","http://www.vandal.net/juegos/pc/mark-mcmorris-infinite-air/39896","25/10/2016","Ordenador","Deportes"
"http://www.vandal.net/juegos/0/videojuegos/inicio/8","Mark McMorris Infinite Air","http://www.vandal.net/juegos/xbone/mark-mcmorris-infinite-air/39897","28/10/2016","Xbox One","Deportes"
"http://www.vandal.net/juegos/0/videojuegos/inicio/8","Mark McMorris Infinite Air","http://www.vandal.net/juegos/ps4/mark-mcmorris-infinite-air/39898","28/10/2016","PlayStation 4","Deportes"
"http://www.vandal.net/juegos/0/videojuegos/inicio/8","Masky","http://www.vandal.net/juegos/iphone/masky/43110","19/10/2016","iPhone","Musical / Plataformas"
"http://www.vandal.net/juegos/0/videojuegos/inicio/8","Max Stern","http://www.vandal.net/juegos/pc/max-stern/42885","21/10/2016","Ordenador","Acción"
"http://www.vandal.net/juegos/0/videojuegos/inicio/8","Meadow","http://www.vandal.net/juegos/pc/meadow/40509","26/10/2016","Ordenador","Aventura / Multi Online"
"http://www.vandal.net/juegos/0/videojuegos/inicio/8","MegaRats","http://www.vandal.net/juegos/pc/megarats/42832","31/10/2016","Ordenador","Acción"
"http://www.vandal.net/juegos/0/videojuegos/inicio/8","Meow-Jong","http://www.vandal.net/juegos/pc/meowjong/42698","3/11/2016","Ordenador","Puzle"
"http://www.vandal.net/juegos/0/videojuegos/inicio/8","Minecraft: Education Edition","http://www.vandal.net/juegos/pc/minecraft-education-edition-/42281","1/11/2016","Ordenador","Otros"
"http://www.vandal.net/juegos/0/videojuegos/inicio/7","Karma. Incarnation 1","http://www.vandal.net/juegos/pc/karma-incarnation-1/33008","19/10/2016","Ordenador","Aventura Gráfica"
"http://www.vandal.net/juegos/0/videojuegos/inicio/7","Killing Room","http://www.vandal.net/juegos/pc/killing-room/41527","21/10/2016","Ordenador","Acción / Rol"
"http://www.vandal.net/juegos/0/videojuegos/inicio/7","King Machine","http://www.vandal.net/juegos/pc/king-machine/42909","2/11/2016","Ordenador","Simulación"
"http://www.vandal.net/juegos/0/videojuegos/inicio/7","King's Quest - Chapter V: The Good Knight","http://www.vandal.net/juegos/ps4/kings-quest-chapter-v-the-good-knight/42899","25/10/2016","PlayStation 4","Aventura Gráfica"
"http://www.vandal.net/juegos/0/videojuegos/inicio/7","King's Quest - Chapter V: The Good Knight","http://www.vandal.net/juegos/xbone/kings-quest-chapter-v-the-good-knight/42901","25/10/2016","Xbox One","Aventura Gráfica"
"http://www.vandal.net/juegos/0/videojuegos/inicio/7","King's Quest - Chapter V: The Good Knight","http://www.vandal.net/juegos/pc/kings-quest-chapter-v-the-good-knight/42902","28/10/2016","Ordenador","Aventura Gráfica"
"http://www.vandal.net/juegos/0/videojuegos/inicio/7","King's Quest - Chapter V: The Good Knight PSN","http://www.vandal.net/juegos/ps3/kings-quest-chapter-v-the-good-knight-psn/42903","25/10/2016","PlayStation 3","Aventura Gráfica"
"http://www.vandal.net/juegos/0/videojuegos/inicio/7","King's Quest - Chapter V: The Good Knight XBLA","http://www.vandal.net/juegos/x360/kings-quest-chapter-v-the-good-knight-xbla/42900","25/10/2016","Xbox 360","Aventura Gráfica"
"http://www.vandal.net/juegos/0/videojuegos/inicio/7","Kokurase - Episode 1","http://www.vandal.net/juegos/pc/kokurase-episode-1/42988","4/11/2016","Ordenador","Rol"
"http://www.vandal.net/juegos/0/videojuegos/inicio/7","Krampus","http://www.vandal.net/juegos/pc/krampus/42979","18/10/2016","Ordenador","Aventura"
"http://www.vandal.net/juegos/0/videojuegos/inicio/7","Kyurinaga's Revenge","http://www.vandal.net/juegos/ps4/kyurinagas-revenge/42241","25/10/2016","PlayStation 4","Acción / Plataformas"
"http://www.vandal.net/juegos/0/videojuegos/inicio/7","Kyurinaga's Revenge","http://www.vandal.net/juegos/pc/kyurinagas-revenge/42414","25/10/2016","Ordenador","Acción / Plataformas / Aventura"
"http://www.vandal.net/juegos/0/videojuegos/inicio/7","Lance A Lot","http://www.vandal.net/juegos/pc/lance-a-lot/40273","18/10/2016","Ordenador","Acción"
"http://www.vandal.net/juegos/0/videojuegos/inicio/7","LASTFIGHT","http://www.vandal.net/juegos/xbone/lastfight/41778","Octubre 2016","Xbox One","Lucha"
"http://www.vandal.net/juegos/0/videojuegos/inicio/7","League of Guessing","http://www.vandal.net/juegos/pc/league-of-guessing/42306","Octubre 2016","Ordenador","Acción / Multi Online / Rol"
"http://www.vandal.net/juegos/0/videojuegos/inicio/7","Lichtspeer","http://www.vandal.net/juegos/psvita/lichtspeer/41212","Octubre 2016","PSVITA","Acción"
"http://www.vandal.net/juegos/0/videojuegos/inicio/7","Lithium: Inmate 39","http://www.vandal.net/juegos/pc/lithium-inmate-39/42125","25/10/2016","Ordenador","Plataformas / Puzle / Aventura"
"http://www.vandal.net/juegos/0/videojuegos/inicio/7","Locomancer","http://www.vandal.net/juegos/pc/locomancer/41668","Octubre 2016","Ordenador","Simulación"
"http://www.vandal.net/juegos/0/videojuegos/inicio/7","Lone Leader","http://www.vandal.net/juegos/pc/lone-leader/43021","28/10/2016","Ordenador","Acción"
"http://www.vandal.net/juegos/0/videojuegos/inicio/7","Los Sims 4: Urbanitas","http://www.vandal.net/juegos/pc/los-sims-4-urbanitas/42085","3/11/2016","Ordenador","Simulación"
"http://www.vandal.net/juegos/0/videojuegos/inicio/6","Hide & Spook: The Haunted Alchemist","http://www.vandal.net/juegos/pc/hide-spook-the-haunted-alchemist/43045","26/10/2016","Ordenador","Acción"
"http://www.vandal.net/juegos/0/videojuegos/inicio/6","Hide and Shriek","http://www.vandal.net/juegos/pc/hide-and-shriek/42573","25/10/2016","Ordenador","Otros"
"http://www.vandal.net/juegos/0/videojuegos/inicio/6","Homebound","http://www.vandal.net/juegos/pc/homebound/41792","Octubre 2016","Ordenador","Otros"
"http://www.vandal.net/juegos/0/videojuegos/inicio/6","HoPiKo","http://www.vandal.net/juegos/ps4/hopiko/41457","19/10/2016","PlayStation 4","Plataformas"
"http://www.vandal.net/juegos/0/videojuegos/inicio/6","HoPiKo","http://www.vandal.net/juegos/xbone/hopiko/42650","19/10/2016","Xbox One","Plataformas"
"http://www.vandal.net/juegos/0/videojuegos/inicio/6","Hover Hazard","http://www.vandal.net/juegos/pc/hover-hazard/43015","21/10/2016","Ordenador","Acción"
"http://www.vandal.net/juegos/0/videojuegos/inicio/6","Hoyle Official Casino Games","http://www.vandal.net/juegos/pc/hoyle-official-casino-games/42887","Octubre 2016","Ordenador","Otros"
"http://www.vandal.net/juegos/0/videojuegos/inicio/6","In the Shadow of the Truth","http://www.vandal.net/juegos/pc/in-the-shadow-of-the-truth/42921","18/10/2016","Ordenador","Aventura"
"http://www.vandal.net/juegos/0/videojuegos/inicio/6","Infinite Adventures","http://www.vandal.net/juegos/pc/infinite-adventures/34296","Octubre 2016","Ordenador","Rol"
"http://www.vandal.net/juegos/0/videojuegos/inicio/6","Intralism","http://www.vandal.net/juegos/pc/intralism/42595","Octubre 2016","Ordenador","Musical / Acción"
"http://www.vandal.net/juegos/0/videojuegos/inicio/6","Iron Fish","http://www.vandal.net/juegos/pc/iron-fish/42408","Octubre 2016","Ordenador","Aventura"
"http://www.vandal.net/juegos/0/videojuegos/inicio/6","Janken Cards","http://www.vandal.net/juegos/pc/janken-cards/42912","17/10/2016","Ordenador","Estrategia"
"http://www.vandal.net/juegos/0/videojuegos/inicio/6","Jazzpunk: Director's Cut","http://www.vandal.net/juegos/ps4/jazzpunk-directors-cut/34863","19/10/2016","PlayStation 4","Aventura"
"http://www.vandal.net/juegos/0/videojuegos/inicio/6","Just Dance 2017","http://www.vandal.net/juegos/pc/just-dance-2017/39828","27/10/2016","Ordenador","Musical"
"http://www.vandal.net/juegos/0/videojuegos/inicio/6","Just Dance 2017","http://www.vandal.net/juegos/xbone/just-dance-2017/39829","27/10/2016","Xbox One","Musical"
"http://www.vandal.net/juegos/0/videojuegos/inicio/6","Just Dance 2017","http://www.vandal.net/juegos/ps4/just-dance-2017/39830","27/10/2016","PlayStation 4","Musical"
"http://www.vandal.net/juegos/0/videojuegos/inicio/6","Just Dance 2017","http://www.vandal.net/juegos/wiiu/just-dance-2017/39831","27/10/2016","Wii U","Musical"
"http://www.vandal.net/juegos/0/videojuegos/inicio/6","Just Dance 2017","http://www.vandal.net/juegos/x360/just-dance-2017/41297","27/10/2016","Xbox 360","Musical"
"http://www.vandal.net/juegos/0/videojuegos/inicio/6","Just Dance 2017","http://www.vandal.net/juegos/ps3/just-dance-2017/41298","27/10/2016","PlayStation 3","Musical"
"http://www.vandal.net/juegos/0/videojuegos/inicio/6","Just Dance 2017","http://www.vandal.net/juegos/wii/just-dance-2017/41299","27/10/2016","Wii","Musical"
"http://www.vandal.net/juegos/0/videojuegos/inicio/5","Football Manager Touch 2017","http://www.vandal.net/juegos/android/football-manager-touch-2017/41305","4/11/2016","Android","Estrategia / Simulación"
"http://www.vandal.net/juegos/0/videojuegos/inicio/5","Football Manager Touch 2017","http://www.vandal.net/juegos/pc/football-manager-touch-2017/41379","4/11/2016","Ordenador","Estrategia / Deportes"
"http://www.vandal.net/juegos/0/videojuegos/inicio/5","Four Realms","http://www.vandal.net/juegos/pc/four-realms/39429","24/10/2016","Ordenador","Estrategia / Rol"
"http://www.vandal.net/juegos/0/videojuegos/inicio/5","Galactic Adventures","http://www.vandal.net/juegos/pc/galactic-adventures/42821","18/10/2016","Ordenador","Plataformas / Aventura"
"http://www.vandal.net/juegos/0/videojuegos/inicio/5","Ghostdream","http://www.vandal.net/juegos/pc/ghostdream/43014","24/10/2016","Ordenador","Aventura"
"http://www.vandal.net/juegos/0/videojuegos/inicio/5","Ginger: Beyond the Crystal","http://www.vandal.net/juegos/pc/ginger-beyond-the-crystal/33857","25/10/2016","Ordenador","Plataformas / Aventura"
"http://www.vandal.net/juegos/0/videojuegos/inicio/5","Ginger: Beyond the Crystal","http://www.vandal.net/juegos/xbone/ginger-beyond-the-crystal/33858","25/10/2016","Xbox One","Plataformas / Aventura"
"http://www.vandal.net/juegos/0/videojuegos/inicio/5","Ginger: Beyond the Crystal","http://www.vandal.net/juegos/ps4/ginger-beyond-the-crystal/33860","25/10/2016","PlayStation 4","Plataformas / Aventura"
"http://www.vandal.net/juegos/0/videojuegos/inicio/5","Grave Matters","http://www.vandal.net/juegos/pc/grave-matters/43026","25/10/2016","Ordenador","Puzle"
"http://www.vandal.net/juegos/0/videojuegos/inicio/5","Grave VR","http://www.vandal.net/juegos/pc/grave-vr/42327","25/10/2016","Ordenador","Aventura"
"http://www.vandal.net/juegos/0/videojuegos/inicio/5","Graveyard Shift","http://www.vandal.net/juegos/pc/graveyard-shift/42980","20/10/2016","Ordenador","Acción"
"http://www.vandal.net/juegos/0/videojuegos/inicio/5","Green Ranch","http://www.vandal.net/juegos/pc/green-ranch/42881","21/10/2016","Ordenador","Estrategia"
"http://www.vandal.net/juegos/0/videojuegos/inicio/5","Gungun Online","http://www.vandal.net/juegos/android/gungun-online/43093","19/10/2016","Android","Estrategia / Acción"
"http://www.vandal.net/juegos/0/videojuegos/inicio/5","Gurumin 3D: A Monstrous Adventure","http://www.vandal.net/juegos/3ds/gurumin-3d-a-monstrous-adventure/41269","27/10/2016","Nintendo 3DS","Aventura"
"http://www.vandal.net/juegos/0/videojuegos/inicio/5","Happy Critters","http://www.vandal.net/juegos/pc/happy-critters/43019","20/10/2016","Ordenador","Puzle"
"http://www.vandal.net/juegos/0/videojuegos/inicio/5","Harmonix Music VR","http://www.vandal.net/juegos/ps4/harmonix-music-vr/34415","Octubre 2016","PlayStation 4","Musical"
"http://www.vandal.net/juegos/0/videojuegos/inicio/5","Haunted Hotel","http://www.vandal.net/juegos/pc/haunted-hotel/43080","21/10/2016","Ordenador","Puzle / Aventura"
"http://www.vandal.net/juegos/0/videojuegos/inicio/5","Head It!: VR Soccer Heading Game","http://www.vandal.net/juegos/pc/head-it-vr-soccer-heading-game/43020","20/10/2016","Ordenador","Deportes"
"http://www.vandal.net/juegos/0/videojuegos/inicio/5","Hero Boy","http://www.vandal.net/juegos/pc/hero-boy/41994","28/10/2016","Ordenador","Acción"
"http://www.vandal.net/juegos/0/videojuegos/inicio/5","Hero's Song","http://www.vandal.net/juegos/pc/heros-song/35636","Octubre 2016","Ordenador","Rol"
"http://www.vandal.net/juegos/0/videojuegos/inicio/4","Evil Dead: Endless Nightmare","http://www.vandal.net/juegos/iphone/evil-dead-endless-nightmare/43094","20/10/2016","iPhone","Acción"
"http://www.vandal.net/juegos/0/videojuegos/inicio/4","Evil Robots From N1M","http://www.vandal.net/juegos/pc/evil-robots-from-n1m/40967","Octubre 2016","Ordenador","Acción"
"http://www.vandal.net/juegos/0/videojuegos/inicio/4","Exile's End","http://www.vandal.net/juegos/ps4/exiles-end/39869","26/10/2016","PlayStation 4","Acción / Aventura"
"http://www.vandal.net/juegos/0/videojuegos/inicio/4","Exist Archive: The Other Side of the Sky","http://www.vandal.net/juegos/ps4/exist-archive-the-other-side-of-the-sky/32444","18/10/2016","PlayStation 4","Rol"
"http://www.vandal.net/juegos/0/videojuegos/inicio/4","Exist Archive: The Other Side of the Sky PSN","http://www.vandal.net/juegos/psvita/exist-archive-the-other-side-of-the-sky-psn/32445","18/10/2016","PSVITA","Rol"
"http://www.vandal.net/juegos/0/videojuegos/inicio/4","Existence speed","http://www.vandal.net/juegos/pc/existence-speed/43067","21/10/2016","Ordenador","Puzle"
"http://www.vandal.net/juegos/0/videojuegos/inicio/4","EXIT","http://www.vandal.net/juegos/pc/exit/42439","Octubre 2016","Ordenador","Puzle"
"http://www.vandal.net/juegos/0/videojuegos/inicio/4","Fabulous - Angela's Fashion Fever","http://www.vandal.net/juegos/pc/fabulous-angelas-fashion-fever/42977","19/10/2016","Ordenador","Otros"
"http://www.vandal.net/juegos/0/videojuegos/inicio/4","Face Your Fears","http://www.vandal.net/juegos/pc/face-your-fears/42631","31/10/2016","Ordenador","Simulación"
"http://www.vandal.net/juegos/0/videojuegos/inicio/4","Far Beyond: A space odyssey","http://www.vandal.net/juegos/pc/far-beyond-a-space-odyssey/43065","Octubre 2016","Ordenador","Aventura"
"http://www.vandal.net/juegos/0/videojuegos/inicio/4","Farming Simulator 17","http://www.vandal.net/juegos/pc/farming-simulator-17/36767","25/10/2016","Ordenador","Estrategia / Simulación"
"http://www.vandal.net/juegos/0/videojuegos/inicio/4","Farming Simulator 17","http://www.vandal.net/juegos/xbone/farming-simulator-17/36768","25/10/2016","Xbox One","Estrategia / Simulación"
"http://www.vandal.net/juegos/0/videojuegos/inicio/4","Farming Simulator 17","http://www.vandal.net/juegos/ps4/farming-simulator-17/36769","25/10/2016","PlayStation 4","Estrategia / Simulación"
"http://www.vandal.net/juegos/0/videojuegos/inicio/4","FATED: The Silent Oath","http://www.vandal.net/juegos/ps4/fated-the-silent-oath/38369","Octubre 2016","PlayStation 4","Acción / Aventura"
"http://www.vandal.net/juegos/0/videojuegos/inicio/4","Final Quest II","http://www.vandal.net/juegos/pc/final-quest-ii/42825","18/10/2016","Ordenador","Rol"
"http://www.vandal.net/juegos/0/videojuegos/inicio/4","Fire: Ungh's Quest eShop","http://www.vandal.net/juegos/wiiu/fire-unghs-quest-eshop/43006","20/10/2016","Wii U","Aventura Gráfica"
"http://www.vandal.net/juegos/0/videojuegos/inicio/4","Firewatch","http://www.vandal.net/juegos/xbone/firewatch/41784","Octubre 2016","Xbox One","Aventura"
"http://www.vandal.net/juegos/0/videojuegos/inicio/4","Floaty Balloon","http://www.vandal.net/juegos/iphone/floaty-balloon/43121","19/10/2016","iPhone","Otros"
"http://www.vandal.net/juegos/0/videojuegos/inicio/4","Football Manager 2017","http://www.vandal.net/juegos/pc/football-manager-2017/41303","4/11/2016","Ordenador","Estrategia / Simulación"
"http://www.vandal.net/juegos/0/videojuegos/inicio/4","Football Manager Touch 2017","http://www.vandal.net/juegos/iphone/football-manager-touch-2017/41304","4/11/2016","iPhone","Estrategia / Simulación"
"http://www.vandal.net/juegos/0/videojuegos/inicio/3","Damned Cold","http://www.vandal.net/juegos/pc/damned-cold/42976","25/10/2016","Ordenador","Acción"
"http://www.vandal.net/juegos/0/videojuegos/inicio/3","Dan The Man","http://www.vandal.net/juegos/android/dan-the-man/42766","4/11/2016","Android","Acción"
"http://www.vandal.net/juegos/0/videojuegos/inicio/3","Dark Tales: Edgar Allan Poe's The Masque of the Red Death Collector's Edition","http://www.vandal.net/juegos/pc/dark-tales-edgar-allan-poes-the-masque-of-the-red-death-collectors-edition/41453","Octubre 2016","Ordenador","Aventura"
"http://www.vandal.net/juegos/0/videojuegos/inicio/3","Dark Train","http://www.vandal.net/juegos/pc/dark-train/43022","Octubre 2016","Ordenador","Aventura"
"http://www.vandal.net/juegos/0/videojuegos/inicio/3","Dead Age","http://www.vandal.net/juegos/pc/dead-age/39692","4/11/2016","Ordenador","Estrategia"
"http://www.vandal.net/juegos/0/videojuegos/inicio/3","Demolish & Build Company 2017","http://www.vandal.net/juegos/pc/demolish-build-company-2017/41866","18/10/2016","Ordenador","Simulación"
"http://www.vandal.net/juegos/0/videojuegos/inicio/3","Destroyer","http://www.vandal.net/juegos/pc/destroyer/43025","20/10/2016","Ordenador","Acción"
"http://www.vandal.net/juegos/0/videojuegos/inicio/3","DoDonPachi: DaiFukkatsu","http://www.vandal.net/juegos/pc/dodonpachi-daifukkatsu/38728","Octubre 2016","Ordenador","Acción"
"http://www.vandal.net/juegos/0/videojuegos/inicio/3","Dragon Ball Xenoverse 2","http://www.vandal.net/juegos/pc/dragon-ball-xenoverse-2/39136","28/10/2016","Ordenador","Lucha"
"http://www.vandal.net/juegos/0/videojuegos/inicio/3","Dragon Ball Xenoverse 2","http://www.vandal.net/juegos/xbone/dragon-ball-xenoverse-2/39137","28/10/2016","Xbox One","Lucha"
"http://www.vandal.net/juegos/0/videojuegos/inicio/3","Dragon Ball Xenoverse 2","http://www.vandal.net/juegos/ps4/dragon-ball-xenoverse-2/39138","28/10/2016","PlayStation 4","Lucha"
"http://www.vandal.net/juegos/0/videojuegos/inicio/3","Drive Ahead! Sports","http://www.vandal.net/juegos/iphone/drive-ahead-sports/43111","19/10/2016","iPhone",""
"http://www.vandal.net/juegos/0/videojuegos/inicio/3","Drive on Moscow","http://www.vandal.net/juegos/pc/drive-on-moscow/42861","27/10/2016","Ordenador","Estrategia"
"http://www.vandal.net/juegos/0/videojuegos/inicio/3","Eagle Flight","http://www.vandal.net/juegos/pc/eagle-flight/39832","18/10/2016","Ordenador","Simulación"
"http://www.vandal.net/juegos/0/videojuegos/inicio/3","Earth's Dawn","http://www.vandal.net/juegos/pc/earths-dawn/39900","1/11/2016","Ordenador","Aventura"
"http://www.vandal.net/juegos/0/videojuegos/inicio/3","Earth's Dawn","http://www.vandal.net/juegos/ps4/earths-dawn/39902","1/11/2016","PlayStation 4","Aventura"
"http://www.vandal.net/juegos/0/videojuegos/inicio/3","Earth's Dawn","http://www.vandal.net/juegos/xbone/earths-dawn/39901","2/11/2016","Xbox One","Aventura"
"http://www.vandal.net/juegos/0/videojuegos/inicio/3","Emily Wants To Play","http://www.vandal.net/juegos/ps4/emily-wants-to-play/43115","26/10/2016","PlayStation 4","Aventura"
"http://www.vandal.net/juegos/0/videojuegos/inicio/3","emoj.io","http://www.vandal.net/juegos/pc/emojio/42761","Octubre 2016","Ordenador","Acción"
"http://www.vandal.net/juegos/0/videojuegos/inicio/3","End of The Mine","http://www.vandal.net/juegos/pc/end-of-the-mine/37292","Octubre 2016","Ordenador","Acción / Aventura"
